1,2,3,y
1,-1.8144,0.86995,one
1,-0.8363,0.681,one
1,-1.8387,0.87867,one
1,-1.9032,0.96429,one
1,-1.8921,0.95757,one
1,-1.8228,0.92663,one
1,-1.8417,0.91284,one
1,-1.8595,0.94564,one
1,-1.9059,0.96088,one
1,-1.9039,0.95674,one
1,-1.9247,0.96693,one
1,-1.9342,0.97323,one
1,-1.9229,0.96736,one
1,-1.9451,0.97815,one
1,-1.9381,0.97294,one
1,-1.8572,0.91664,one
1,-1.8276,0.90644,one
1,-1.7209,0.84697,one
1,-1.7009,0.8,one
1,-1.8018,0.86745,one
1,-1.6368,0.72637,one
1,-1.692,0.72159,one
1,-1.3247,0.43211,one
1,-1.8928,0.92711,one
1,-1.9203,0.94222,one
1,-1.8494,0.94738,one
1,-1.6465,0.78947,one
1,-1.6412,0.8075,one
1,-1.7319,0.928,one
1,-1.8091,0.85582,one
1,-1.6422,0.71644,one
1,-1.5593,0.59977,one
1,-1.4953,0.56003,one
1,-1.4538,0.53403,one
1,-1.5589,0.62604,one
1,-1.7073,0.79491,one
1,-1.4494,0.56936,one
1,-1.7216,0.83294,one
1,-1.7289,0.83255,one
1,-1.7035,0.78648,one
1,-1.9156,0.98394,one
1,-1.5191,0.66769,one
1,-1.5111,0.58884,one
1,-1.4478,0.52426,one
1,-1.4313,0.43979,one
1,-1.3671,0.399,one
1,-1.9522,0.97544,one
1,-1.9473,0.97885,one
1,-1.9491,0.97087,one
1,-1.5442,0.60415,one
1,-1.5123,0.64851,one
1,-1.8597,0.91739,one
1,-1.7624,0.86105,one
1,-1.6831,0.80685,one
1,-1.899,0.97147,one
1,-1.9306,0.96955,one
1,-1.8729,0.92384,one
1,-1.8784,0.94461,one
1,-1.8602,0.91927,one
1,-1.5171,0.63275,one
1,-1.7294,0.82794,one
1,-1.724,0.82516,one
1,-1.829,0.91114,one
1,-1.8578,0.87696,one
1,-1.8626,0.87915,one
1,-1.6768,0.87447,one
1,-1.7983,0.90321,one
1,-1.484,0.60673,one
1,-1.8566,0.92268,one
1,-1.8644,0.88204,one
1,-1.8565,0.90461,one
1,-1.8282,0.87998,one
1,-1.829,0.87526,one
1,-1.8774,0.92237,one
1,-1.5512,0.68606,one
1,-1.2715,0.41918,one
1,-1.6494,0.76606,one
1,-1.4394,0.54805,one
1,-1.6211,0.74031,one
1,-1.4466,0.5558,one
1,-1.2848,0.63594,one
1,-1.8859,0.93988,one
1,-1.7896,0.83984,one
1,-1.526,0.7375,one
1,-1.1169,0.52734,one
1,-1.8314,0.87346,one
1,-1.8726,0.95303,one
1,-1.7636,0.83538,one
1,-1.8773,0.92384,one
1,-1.8743,0.91394,one
1,-1.45,0.47195,one
1,-1.7479,0.90142,one
1,-1.8032,0.85576,one
1,-1.9189,0.96529,one
1,-1.7286,0.86633,one
1,-0.66808,-0.16037,one
1,-1.9069,0.94777,one
1,-1.5535,0.62744,one
1,-1.3657,0.63538,one
1,-1.7819,0.81279,one
1,-1.7569,0.78223,one
1,-1.7256,0.77331,one
1,-1.574,0.65313,one
1,-1.7383,0.79924,one
1,-1.8346,0.88297,one
1,-1.8106,0.88991,one
1,-1.8333,0.94581,one
1,-1.8772,0.94871,one
1,-1.8241,0.92705,one
1,-1.8867,0.96585,one
1,-1.9094,0.94518,one
1,-1.6535,0.76363,one
1,-1.9084,0.93266,one
1,-1.8974,0.93602,one
1,-1.9057,0.94906,one
1,-1.9251,0.96248,one
1,-1.8916,0.93035,one
1,-1.0588,0.11858,one
1,-1.936,0.95999,one
1,-1.9228,0.94863,one
1,-1.9268,0.94752,one
1,-1.9126,0.93358,one
1,-1.9242,0.93747,one
1,-1.8432,0.85712,one
1,-1.8177,0.85011,one
1,-1.8379,0.90885,one
1,-1.8669,0.93274,one
1,-1.8312,0.90706,one
1,-1.7446,0.87642,one
1,-1.7445,0.87825,one
1,-1.5376,0.70394,one
1,-1.5589,0.72237,one
1,-1.8903,0.94171,one
1,-1.6213,0.70885,one
1,-1.79,0.84175,one
1,-1.7299,0.78947,one
1,-1.8818,0.92837,one
1,-0.64217,-0.17617,one
1,-1.7323,0.79112,one
1,-1.9111,0.94806,one
1,-1.8386,0.88699,one
1,-1.7724,0.81862,one
1,-1.5086,0.63948,one
1,-1.9071,0.94326,one
1,-1.8554,0.89355,one
1,-1.7432,0.85929,one
1,-1.8945,0.93228,one
1,-1.3332,0.50284,one
1,-1.5833,0.69194,one
1,-1.6599,0.7473,one
1,-1.8508,0.90693,one
1,-1.7524,0.80442,one
1,-1.8242,0.86126,one
1,-1.7993,0.84962,one
1,-1.5245,0.56079,one
1,-1.6181,0.65528,one
1,-1.7822,0.87718,one
1,-1.6903,0.73869,one
1,-1.6513,0.71175,one
1,-1.164,0.27469,one
1,-1.7216,0.78687,one
1,-1.8839,0.91781,one
1,-1.6971,0.74524,one
1,-1.6609,0.71371,one
1,-1.5796,0.63324,one
1,-1.6548,0.70274,one
1,-1.7255,0.78379,one
1,-1.4859,0.62226,one
1,-1.4765,0.64182,one
1,-1.6767,0.78954,one
1,-1.1937,0.44379,one
1,-1.8516,0.94954,one
1,-1.808,0.84996,one
1,-1.7591,0.77407,one
1,-1.6669,0.69027,one
1,-1.7785,0.90433,one
1,-1.6149,0.65935,one
1,-1.779,0.82976,one
1,-1.6582,0.71618,one
1,-1.7305,0.82184,one
1,-1.8197,0.88803,one
1,-1.3065,0.62642,one
1,-1.4524,0.65673,one
1,-1.7969,0.82787,one
1,-1.793,0.82662,one
1,-1.8984,0.92361,one
1,-1.847,0.87905,one
1,-1.9058,0.92503,one
1,-1.566,0.69156,one
1,-1.6352,0.72226,one
1,-1.861,0.95695,one
1,-1.8523,0.95241,one
1,-1.5413,0.60505,one
1,-1.835,0.90415,one
1,-1.7426,0.80514,one
1,-1.8209,0.87064,one
1,-1.5468,0.68093,one
1,-1.7631,0.83463,one
1,-1.1789,0.33747,one
1,-1.4434,0.69435,one
1,-1.8406,0.90889,one
1,-1.96,0.99706,one
1,-1.8023,0.88928,one
1,-1.7889,0.88573,one
1,-1.9033,0.96536,one
1,-1.88,0.9596,one
1,-1.6941,0.79763,one
1,-1.7015,0.76849,one
1,-1.7539,0.83981,one
1,-1.8048,0.90217,one
1,-1.8525,0.94309,one
1,-1.8446,0.91532,one
1,-1.9156,0.96859,one
1,-1.8617,0.88488,one
1,-1.8884,0.91286,one
1,-1.7552,0.7964,one
1,-1.8721,0.92822,one
1,-1.7939,0.90872,one
1,-1.8321,0.90379,one
1,-1.8249,0.92279,one
1,-1.7819,0.90438,one
1,-1.7881,0.89708,one
1,-1.9095,0.94809,one
1,-1.8323,0.9598,one
1,-1.7498,0.80165,one
1,-1.7506,0.81874,one
1,-1.4463,0.62387,one
1,-1.7976,0.87616,one
1,-1.8258,0.91638,one
1,-1.813,0.89993,one
1,-1.9282,0.94764,one
1,-1.7877,0.8755,one
1,-1.7944,0.86265,one
1,-1.1977,0.33159,one
1,-1.5176,0.51824,one
1,-1.6214,0.64397,one
1,-1.4842,0.52107,one
1,-1.6241,0.65964,one
1,-1.8157,0.86793,one
1,-1.8046,0.87941,one
1,-1.6335,0.80649,one
1,-1.709,0.78758,one
1,-1.4863,0.54495,one
1,-1.8097,0.90727,one
1,-1.812,0.907,one
1,-1.683,0.78307,one
1,-1.7666,0.87969,one
1,-1.8425,0.91041,one
1,-1.8883,0.93935,one
1,-1.8552,0.92098,one
1,-1.8141,0.87679,one
1,-1.8168,0.87444,one
1,-1.7035,0.77227,one
1,-1.8789,0.91853,one
1,-1.8789,0.91853,one
1,-1.822,0.92009,one
1,-1.8144,0.92359,one
1,-1.8868,0.89383,one
1,-1.484,0.50971,one
1,-1.7242,0.81267,one
1,-1.6374,0.78287,one
1,-1.7692,0.84973,one
1,-1.8598,0.96447,one
1,-1.8503,0.96193,one
1,-1.8708,0.9616,one
1,-1.7124,0.85337,one
1,-1.8001,0.84148,one
1,-1.8947,0.94369,one
1,-1.7369,0.86644,one
1,-1.4247,0.45342,one
1,-1.7393,0.80744,one
1,-1.6883,0.78959,one
1,-1.6473,0.75973,one
1,-1.6611,0.78114,one
1,-1.7425,0.81426,one
1,-1.6977,0.77626,one
1,-1.7003,0.78609,one
1,-1.5105,0.65608,one
1,-1.3484,0.48376,one
1,-1.8577,0.92901,one
1,-1.7568,0.81706,one
1,-1.7421,0.79678,one
1,-1.8714,0.93149,one
1,-1.9133,0.94653,one
1,-1.8883,0.91828,one
1,-1.8604,0.91019,one
1,-1.8828,0.91506,one
1,-1.8639,0.89369,one
1,-1.8653,0.88794,one
1,-1.9086,0.92625,one
1,-1.8986,0.95639,one
1,-1.8527,0.91249,one
1,-1.349,0.50828,one
1,-1.847,0.94253,one
1,-1.776,0.85325,one
1,-1.7645,0.85264,one
1,-1.5822,0.65313,one
1,-1.7369,0.78607,one
1,-1.7663,0.80796,one
1,-1.6698,0.78359,one
1,-1.0291,0.58926,one
1,-1.8772,0.92654,one
1,-1.9256,0.96221,one
1,-1.8601,0.89826,one
1,-1.9235,0.9619,one
1,-1.9,0.94706,one
1,-1.7767,0.83731,one
1,-1.5974,0.65403,one
1,-1.2754,0.60924,one
1,-1.7397,0.81577,one
1,-1.7423,0.80761,one
1,-1.8182,0.89151,one
1,-1.8587,0.90322,one
1,-1.6726,0.75118,one
1,-1.6496,0.69685,one
1,-1.6572,0.80595,one
1,-1.6344,0.74612,one
1,-1.6893,0.78397,one
1,-1.7628,0.85379,one
1,-1.5208,0.73784,one
1,-1.7424,0.83184,one
1,-1.8229,0.90494,one
1,-1.4688,0.47664,one
1,-1.8096,0.83989,one
1,-1.8414,0.85178,one
1,-1.8126,0.82833,one
1,-0.80282,-0.17319,one
1,-1.8609,0.87187,one
1,-1.627,0.86897,one
1,-1.7987,0.84539,one
1,-1.3523,0.59756,one
1,-1.3133,0.5918,one
1,-1.0799,0.52652,one
1,-1.7761,0.80296,one
1,-1.7786,0.80392,one
1,-1.9021,0.95729,one
1,-1.8927,0.95248,one
1,-1.9159,0.96467,one
1,-1.8914,0.95345,one
1,-1.4891,0.53959,one
1,-1.7954,0.86613,one
1,-1.814,0.98289,one
1,-1.7307,0.85558,one
1,-1.8216,0.92026,one
1,-1.6584,0.83591,one
1,-1.7361,0.90238,one
1,-1.7028,0.85505,one
1,-1.6479,0.84132,one
1,-1.5972,0.75225,one
1,-1.8375,0.89479,one
1,-1.7782,0.83811,one
1,-1.6479,0.70309,one
1,-1.8167,0.87822,one
1,-1.8722,0.92138,one
1,-1.6983,0.73001,one
1,-1.84,0.887,one
1,-1.832,0.8741,one
1,-1.8949,0.94119,one
1,-1.9194,0.95581,one
1,-1.0951,0.68265,one
1,-1.4184,0.66803,one
1,-1.0521,0.74015,one
1,-1.8972,0.94214,one
1,-1.6892,0.76153,one
1,-1.4634,0.54854,one
1,-1.6884,0.76958,one
1,-1.6897,0.78682,one
1,-0.85221,-0.0051492,one
1,-1.9098,0.94875,one
1,-1.8765,0.9216,one
1,-1.841,0.88828,one
1,-1.6751,0.78623,one
1,-1.692,0.87411,one
1,-1.925,0.92568,one
1,-1.9511,0.95411,one
1,-1.9323,0.94063,one
1,-1.7416,0.8292,one
1,-1.7851,0.85938,one
1,-1.8355,0.85918,one
1,-1.8751,0.90181,one
1,-1.8802,0.89735,one
1,-1.8536,0.87244,one
1,-1.6989,0.7263,one
1,-1.895,0.96301,one
1,-1.8907,0.95395,one
1,-1.6986,0.80526,one
1,-1.8625,0.89759,one
1,-1.9021,0.92771,one
1,-1.7965,0.85231,one
1,-1.843,0.91822,one
1,-1.8247,0.88664,one
1,-1.7294,0.78209,one
1,-1.7022,0.75814,one
1,-1.6572,0.7403,one
1,-1.6379,0.73709,one
1,-1.8686,0.92428,one
1,-1.0654,0.28142,one
1,-1.6957,0.80145,one
1,-1.8376,0.92872,one
1,-1.8422,0.933,one
1,-1.8595,0.95051,one
1,-1.6782,0.77753,one
1,-1.7312,0.80775,one
1,-1.5249,0.70669,one
1,-1.7647,0.78428,one
1,-1.7628,0.79897,one
1,-1.3271,0.63029,one
1,-1.6983,0.77105,one
1,-1.8153,0.8666,one
1,-1.5945,0.7391,one
1,-1.4327,0.58829,one
1,-1.25,0.38099,one
1,-1.6838,0.75726,one
1,-1.72,0.80216,one
1,-1.6223,0.70615,one
1,-1.7349,0.80536,one
1,-1.5971,0.70478,one
1,-1.8516,0.88647,one
1,-1.6004,0.63089,one
1,-1.4652,0.60656,one
1,-1.6909,0.82984,one
1,-1.6928,0.83783,one
1,-1.722,0.78467,one
1,-1.7207,0.80953,one
1,-1.1441,0.2951,one
1,-1.3103,0.42771,one
1,-1.2415,0.35656,one
1,-1.6735,0.69579,one
1,-1.8362,0.8663,one
1,-1.6782,0.69685,one
1,-1.3034,0.34487,one
1,-1.7967,0.8149,one
1,-1.8995,0.9484,one
1,-1.8371,0.89201,one
1,-1.6504,0.77415,one
1,-1.628,0.63797,one
1,-1.589,0.5996,one
1,-1.7647,0.79014,one
1,-1.7801,0.91378,one
1,-1.7955,0.90438,one
1,-1.7917,0.90108,one
1,-1.8505,0.92244,one
1,-1.7817,0.90497,one
1,-1.7849,0.84354,one
1,-1.5652,0.67213,one
1,-1.373,0.5527,one
1,-1.5588,0.67505,one
1,-1.6562,0.76413,one
1,-1.6001,0.70409,one
1,-1.8284,0.85807,one
1,-1.6422,0.79952,one
1,-1.5879,0.75479,one
1,-1.7096,0.82255,one
1,-1.282,0.40882,one
1,-1.793,0.84569,one
1,-1.759,0.81044,one
1,-1.7362,0.88169,one
1,-1.8461,0.91256,one
1,-1.7517,0.9069,one
1,-1.4139,0.5413,one
1,-1.1206,0.29282,one
1,-1.8841,0.95799,one
1,-1.8179,0.94449,one
1,-1.8893,0.95478,one
1,-1.8966,0.9668,one
1,-0.88727,-0.034821,one
1,-1.815,0.85793,one
1,-1.6482,0.68472,one
1,-1.6909,0.76701,one
1,-1.8022,0.84238,one
1,-1.7429,0.77905,one
1,-1.7982,0.80162,one
1,-1.8562,0.96586,one
1,-1.8593,0.90361,one
1,-1.3368,0.43676,one
1,-1.6682,0.69079,one
1,-1.5944,0.61663,one
1,-1.7085,0.80774,one
1,-1.8474,0.86283,one
1,-1.8611,0.91437,one
1,-1.5074,0.54017,one
1,-1.4296,0.57168,one
1,-1.5184,0.56098,one
1,-1.4288,0.52492,one
1,-1.4465,0.51954,one
1,-1.9272,0.95656,one
1,-1.9276,0.95859,one
1,-1.8624,0.91994,one
1,-1.8028,0.88773,one
1,-1.915,0.94853,one
1,-1.4995,0.60171,one
1,-1.8213,0.88396,one
1,-1.6498,0.75751,one
1,-1.6064,0.77053,one
1,-1.5045,0.71191,one
1,-1.6095,0.80584,one
1,-1.6368,0.79263,one
1,-1.6679,0.79068,one
1,-1.6265,0.67084,one
1,-1.8673,0.88606,one
1,-1.8323,0.85122,one
1,-1.7083,0.73993,one
1,-1.747,0.87134,one
1,-1.6877,0.81425,one
1,-1.781,0.87603,one
1,-1.735,0.84699,one
1,-1.8572,0.93922,one
1,-1.8225,0.84332,one
1,-1.8575,0.88806,one
1,-1.8499,0.88339,one
1,-1.8641,0.93146,one
1,-1.7365,0.76829,one
1,-1.5415,0.69205,one
1,-1.6882,0.81036,one
1,-1.8312,0.92875,one
1,-1.7763,0.8781,one
1,-1.6736,0.81569,one
1,-1.6743,0.75989,one
1,-1.6003,0.66705,one
1,-1.8076,0.91242,one
1,-1.8827,0.89924,one
1,-1.8963,0.91752,one
1,-1.5041,0.64435,one
1,-1.7208,0.86142,one
1,-1.8881,0.95435,one
1,-1.8291,0.90571,one
1,-1.8083,0.88312,one
1,-1.8244,0.88115,one
1,-1.7797,0.84329,one
1,-1.8098,0.88323,one
1,-1.7128,0.72645,one
1,-1.8102,0.83822,one
1,-1.7985,0.83205,one
1,-1.8009,0.83419,one
1,-1.6866,0.70737,one
1,-1.4296,0.47503,one
1,-1.1571,0.15923,one
1,-1.8364,0.91296,one
1,-1.8465,0.93204,one
1,-1.8412,0.90278,one
1,-1.8151,0.89489,one
1,-1.7564,0.8549,one
1,-1.7501,0.82505,one
1,-1.7714,0.85182,one
1,-1.7418,0.829,one
1,-1.6132,0.72075,one
1,-1.4227,0.60197,one
1,-1.8105,0.90612,one
1,-1.6342,0.68898,one
1,-1.8868,0.90309,one
1,-1.8633,0.87834,one
1,-1.7512,0.83529,one
1,-1.8246,0.87794,one
1,-1.7572,0.85834,one
1,-1.7556,0.85528,one
1,-1.7807,0.85848,one
1,-1.8769,0.96441,one
1,-1.8484,0.94363,one
1,-1.754,0.8415,one
1,-1.9257,0.97301,one
1,-1.2357,0.31148,one
1,-1.9258,0.97525,one
1,-1.9161,0.96011,one
1,-1.9252,0.97306,one
1,-1.8946,0.94524,one
1,-1.9267,0.97301,one
1,-1.464,0.60011,one
1,-1.6866,0.80662,one
1,-1.5049,0.63934,one
1,-1.7152,0.83874,one
1,-1.8644,0.89183,one
1,-1.5634,0.62895,one
1,-1.5342,0.59192,one
1,-1.753,0.85944,one
1,-1.7432,0.80284,one
1,-1.7129,0.80215,one
1,-1.8643,0.9603,one
1,-1.8562,0.95752,one
1,-1.8462,0.91245,one
1,-1.3444,0.69662,one
1,-1.4089,0.80878,one
1,-1.4217,0.64544,one
1,-1.3415,0.68037,one
1,-1.719,0.86422,one
1,-1.6117,0.75436,one
1,-1.6977,0.77629,one
1,-1.8454,0.89725,one
1,-1.7528,0.80224,one
1,-1.8448,0.881,one
1,-1.6026,0.63453,one
1,-1.6014,0.61955,one
1,-1.7888,0.82119,one
1,-1.8552,0.88018,one
1,-1.8244,0.85884,one
1,-1.823,0.84954,one
1,-1.9107,0.94133,one
1,-1.7982,0.89773,one
1,-1.706,0.80875,one
1,-1.721,0.8298,one
1,-1.819,0.86811,one
1,-1.8377,0.90326,one
1,-1.8795,0.932,one
1,-1.7925,0.87209,one
1,-1.8344,0.92003,one
1,-1.7961,0.87066,one
1,-1.7514,0.87597,one
1,-1.4879,0.59737,one
1,-1.5679,0.7231,one
1,-1.5089,0.76748,one
1,-1.2777,0.55188,one
1,-1.6242,0.76835,one
1,-1.8845,0.93355,one
1,-1.2172,0.29225,one
1,-1.6222,0.73598,one
1,-1.4586,0.57849,one
1,-1.5512,0.67255,one
1,-1.4963,0.63248,one
1,-1.5143,0.65443,one
1,-1.8948,0.92159,one
1,-1.824,0.85604,one
1,-1.899,0.91189,one
1,-1.9435,0.96932,one
1,-1.9147,0.94723,one
1,-1.8738,0.89594,one
1,-1.9096,0.95146,one
1,-1.8552,0.91821,one
1,-1.852,0.91805,one
1,-1.6306,0.7105,one
1,-1.777,0.80782,one
1,-1.8816,0.92983,one
1,-1.8983,0.9136,one
1,-1.4463,0.62323,one
1,-1.6521,0.78533,one
1,-1.7215,0.84386,one
1,-1.1759,0.52444,one
1,-1.7688,0.83333,one
1,-1.8189,0.85957,one
1,-1.8218,0.85061,one
1,-1.4506,0.69086,one
1,-1.5928,0.79251,one
1,-1.5826,0.78078,one
1,-1.8746,0.90365,one
1,-1.8612,0.95071,one
1,-1.8957,0.96329,one
1,-1.4196,0.43591,one
1,-1.1759,0.19862,one
1,-1.4718,0.4872,one
1,-1.2868,0.30503,one
1,-1.3588,0.37103,one
1,-1.7569,0.80969,one
1,-1.5862,0.63869,one
1,-1.6031,0.6515,one
1,-1.7834,0.84327,one
1,-1.7627,0.81589,one
1,-1.475,0.59588,one
1,-1.458,0.67282,one
1,-1.6566,0.72703,one
1,-1.3652,0.54922,one
1,-1.759,0.85424,one
1,-1.7232,0.86138,one
1,-1.7903,0.90109,one
1,-1.7409,0.80029,one
1,-1.7237,0.80425,one
1,-1.7883,0.85112,one
1,-1.7699,0.84058,one
1,-1.8334,0.89526,one
1,-1.82,0.87443,one
1,-1.7905,0.85348,one
1,-1.8471,0.91343,one
1,-1.5344,0.59093,one
1,-1.8155,0.85653,one
1,-1.839,0.88548,one
1,-1.8017,0.86284,one
1,-1.7538,0.79647,one
1,-1.6535,0.75106,one
1,-1.5304,0.64692,one
1,-1.5955,0.65019,one
1,-1.4577,0.50672,one
1,-1.3046,0.37996,one
1,-1.6916,0.79589,one
1,-1.6804,0.78411,one
1,-1.5151,0.61265,one
1,-1.4053,0.56341,one
1,-1.8478,0.88267,one
1,-1.798,0.81268,one
1,-1.862,0.9502,one
1,-1.9025,0.92552,one
1,-1.9045,0.92726,one
1,-1.7454,0.84161,one
1,-1.8096,0.89591,one
1,-1.7943,0.87591,one
1,-1.5686,0.65743,one
1,-1.7367,0.78077,one
1,-1.6539,0.78334,one
1,-1.8295,0.87323,one
1,-1.3128,0.42018,one
1,-1.79,0.95305,one
1,-1.0081,0.13524,one
1,-1.6711,0.74961,one
1,-1.5898,0.75343,one
1,-1.36,0.53055,one
1,-1.6328,0.71827,one
1,-1.5912,0.63628,one
1,-1.2383,0.527,one
1,-1.8678,0.97025,one
1,-1.8923,0.96672,one
1,-1.877,0.96973,one
1,-1.8624,0.9785,one
1,-1.8722,0.94124,one
1,-1.7747,0.85695,one
1,-1.6776,0.73758,one
1,-1.8518,0.89325,one
1,-1.8261,0.87218,one
1,-1.9168,0.93602,one
1,-1.9094,0.93694,one
1,-1.9037,0.91737,one
1,-1.9109,0.93021,one
1,-1.9114,0.93038,one
1,-1.763,0.81153,one
1,-1.714,0.78373,one
1,-1.7205,0.84484,one
1,-1.7116,0.82505,one
1,-1.673,0.77075,one
1,-1.6756,0.83149,one
1,-1.7024,0.75227,one
1,-1.8965,0.94831,one
1,-1.8941,0.96254,one
1,-1.9049,0.95582,one
1,-1.8322,0.85972,one
1,-1.2975,0.42527,one
1,-1.3756,0.50087,one
1,-1.0909,0.41739,one
1,-1.8495,0.88481,one
1,-1.8241,0.88834,one
1,-1.8879,0.94418,one
1,-1.9236,0.94701,one
1,-1.8603,0.89796,one
1,-1.8087,0.92808,one
1,-1.8086,0.91747,one
1,-1.8152,0.92011,one
1,-1.7924,0.89254,one
1,-1.8202,0.92158,one
1,-1.891,0.97286,one
1,-1.9172,0.96434,one
1,-1.8889,0.90566,one
1,-1.9443,0.96948,one
1,-1.9471,0.97977,one
1,-1.815,0.86726,one
1,-1.9115,0.94408,one
1,-1.8741,0.92007,one
1,-1.9152,0.94132,one
1,-1.9028,0.94162,one
1,-1.397,0.53141,one
1,-1.618,0.75718,one
1,-1.4337,0.61868,one
1,-1.7766,0.86639,one
1,-1.9108,0.96101,one
1,-1.9183,0.97148,one
1,-1.8285,0.83766,one
1,-1.8358,0.84601,one
1,-1.857,0.8764,one
1,-1.5927,0.70538,one
1,-1.8028,0.84666,one
1,-1.8131,0.93617,one
1,-1.79,0.91863,one
1,-1.1571,0.25192,one
1,-1.3531,0.40576,one
1,-1.9083,0.94415,one
1,-1.9106,0.93718,one
1,-1.7832,0.80584,one
1,-1.9213,0.9461,one
1,-1.9292,0.95209,one
1,-1.5043,0.66589,one
1,-1.8791,0.95827,one
1,-1.9048,0.97739,one
1,-1.7432,0.86642,one
1,-1.7718,0.88096,one
1,-1.8692,0.955,one
1,-1.8952,0.96143,one
1,-1.7977,0.89857,one
1,-1.7942,0.90612,one
1,-1.8451,0.93666,one
1,-1.8156,0.91157,one
1,-1.8449,0.92892,one
1,-1.8496,0.90286,one
1,-1.8277,0.8874,one
1,-1.8504,0.92415,one
1,-1.8782,0.93524,one
1,-1.6287,0.67948,one
1,-1.6087,0.68762,one
1,-1.758,0.82906,one
1,-1.3972,0.55676,one
1,-1.8418,0.90122,one
1,-1.8529,0.94658,one
1,-1.8581,0.9324,one
1,-1.7716,0.84572,one
1,-1.9076,0.9752,one
1,-1.9361,0.98368,one
1,-1.9186,0.97338,one
1,-1.9325,0.98921,one
1,-1.9331,0.99302,one
1,-1.7632,0.90458,one
1,-1.6402,0.79879,one
1,-1.6388,0.80951,one
1,-1.8829,0.91885,one
1,-1.3773,0.4276,one
1,-1.8681,0.98268,one
1,-1.8844,0.98739,one
1,-1.892,0.9812,one
1,-1.888,0.98775,one
1,-1.8911,0.98183,one
1,-1.7225,0.77149,one
1,-1.7506,0.86045,one
1,-1.6743,0.7517,one
1,-1.8275,0.89162,one
1,-1.863,0.90302,one
1,-1.7124,0.74414,one
1,-1.7806,0.86628,one
1,-1.9152,0.94709,one
1,-1.8847,0.91535,one
1,-1.8937,0.92897,one
1,-1.9157,0.94591,one
1,-1.9152,0.94293,one
1,-1.7728,0.84593,one
1,-1.7628,0.84282,one
1,-1.5128,0.62209,one
1,-1.2587,0.37462,one
1,-1.6814,0.77351,one
1,-1.2647,0.33537,one
1,-1.5168,0.64461,one
1,-1.7328,0.90592,one
1,-1.7403,0.7581,one
1,-1.7018,0.7319,one
1,-1.8987,0.98217,one
1,-1.8162,0.82748,one
1,-1.7589,0.77165,one
1,-1.7821,0.90478,one
1,-1.7697,0.88104,one
1,-1.6163,0.89467,one
1,-1.4959,0.5623,one
1,-1.585,0.76619,one
1,-1.8078,0.90754,one
1,-1.8295,0.91659,one
1,-1.768,0.82513,one
1,-0.88213,0.6103,one
1,-1.0514,0.30266,one
1,-1.4032,0.58401,one
1,-1.6039,0.72442,one
1,-1.8394,0.9206,one
1,-1.5814,0.69765,one
1,-1.7998,0.84621,one
1,-1.8865,0.92115,one
1,-1.8499,0.8916,one
1,-1.8745,0.89304,one
1,-1.872,0.89597,one
1,-1.7592,0.77011,one
1,-1.762,0.78398,one
1,-1.8685,0.90841,one
1,-1.9215,0.94555,one
1,-1.7083,0.78421,one
1,-1.6503,0.73815,one
1,-1.7547,0.81939,one
1,-1.7948,0.86177,one
1,-1.7555,0.82083,one
1,-1.612,0.61698,one
1,-1.5476,0.62614,one
1,-1.6981,0.70345,one
1,-1.9151,0.95907,one
1,-1.8049,0.88654,one
1,-1.8677,0.93607,one
1,-1.8254,0.89027,one
1,-1.4997,0.72744,one
1,-1.79,0.81963,one
1,-1.7161,0.75487,one
1,-1.8436,0.91343,one
1,-1.8322,0.90633,one
1,-1.822,0.86436,one
1,-1.6834,0.80154,one
1,-1.8734,0.88832,one
1,-1.9026,0.92868,one
1,-1.7871,0.86598,one
1,-1.7227,0.79493,one
1,-1.872,0.94236,one
1,-1.8619,0.93324,one
1,-1.8031,0.91065,one
1,-1.1861,0.55706,one
1,-0.86133,0.30265,one
1,-1.8694,0.93093,one
1,-1.8232,0.88561,one
1,-1.7791,0.83299,one
1,-1.8075,0.88657,one
1,-1.8025,0.86564,one
1,-1.7297,0.83921,one
1,-1.9087,0.96599,one
1,-1.9161,0.96655,one
1,-1.895,0.93998,one
1,-1.9294,0.97585,one
1,-1.8959,0.94526,one
1,-1.8938,0.93343,one
1,-1.5108,0.59612,one
1,-1.665,0.72958,one
1,-1.9045,0.95451,one
1,-1.8829,0.92979,one
1,-1.8414,0.89086,one
1,-1.8829,0.92979,one
1,-1.6119,0.70831,one
1,-1.8208,0.8919,one
1,-1.7461,0.83387,one
1,-1.5755,0.71572,one
1,-1.9229,0.97668,one
1,-1.9108,0.96154,one
1,-1.6906,0.79189,one
1,-1.0743,0.13397,one
1,-1.3215,0.39659,one
1,-1.8011,0.90102,one
1,-1.7959,0.8704,one
1,-1.8953,0.9211,one
1,-1.9588,0.96769,one
1,-1.5577,0.76173,one
1,-1.5339,0.75251,one
1,-1.6306,0.79806,one
1,-1.8777,0.91093,one
1,-1.6995,0.78605,one
1,-1.6925,0.80344,one
1,-1.8197,0.88137,one
1,-1.5792,0.66748,one
1,-1.7588,0.82096,one
1,-1.822,0.87935,one
1,-1.8943,0.96506,one
1,-1.8992,0.97209,one
1,-1.9095,0.95978,one
1,-1.8926,0.94696,one
1,-1.9077,0.95879,one
1,-1.9449,0.96626,one
1,-1.9306,0.95583,one
1,-1.918,0.94567,one
1,-1.9409,0.96769,one
1,-1.9434,0.96383,one
1,-1.4357,0.54978,one
1,-1.1625,0.22443,one
1,-1.4721,0.50252,one
1,-1.8947,0.93635,one
1,-1.8869,0.94071,one
1,-1.9276,0.95583,one
1,-1.9,0.9541,one
1,-1.8741,0.93147,one
1,-1.6332,0.72505,one
1,-1.9233,0.95011,one
1,-1.8974,0.92157,one
1,-1.8409,0.90585,one
1,-1.8597,0.91359,one
1,-1.8419,0.87658,one
1,-1.7204,0.81282,one
1,-1.7648,0.85172,one
1,-1.9472,0.95208,one
1,-1.8732,0.96118,one
1,-1.8059,0.86595,one
1,-1.4645,0.52982,one
1,-1.4007,0.47222,one
1,-1.7086,0.77841,one
1,-1.6197,0.69861,one
1,-1.7132,0.77392,one
1,-1.4372,0.74652,one
1,-1.5045,0.55691,one
1,-0.98747,0.37811,one
1,-1.8621,0.89407,one
1,-1.6543,0.66943,one
1,-1.3342,0.35985,one
1,-1.5683,0.58694,one
1,-1.5387,0.61877,one
1,-1.6117,0.6792,one
1,-1.8325,0.8683,one
1,-1.8089,0.89175,one
1,-1.8268,0.9155,one
1,-1.8422,0.92001,one
1,-1.856,0.94254,one
1,-1.8965,0.96923,one
1,-1.9299,0.97075,one
1,-1.8744,0.89344,one
1,-1.9299,0.96535,one
1,-1.7911,0.82248,one
1,-1.9357,0.97671,one
1,-1.592,0.76049,one
1,-1.448,0.64584,one
1,-1.8427,0.89835,one
1,-1.8293,0.90278,one
1,-1.8659,0.91649,one
1,-1.7641,0.82495,one
1,-1.8667,0.90026,one
1,-1.5491,0.78164,one
1,-1.406,0.64286,one
1,-1.7229,0.7942,one
1,-1.5067,0.62661,one
1,-1.3564,0.48083,one
1,-1.6884,0.78282,one
1,-1.671,0.73048,one
1,-1.677,0.73546,one
1,-1.7585,0.80486,one
1,-1.6214,0.67927,one
1,-1.6657,0.72413,one
1,-1.1209,0.64479,two
1,-1.1443,0.51647,two
1,-1.0884,0.50715,two
1,-0.91085,-0.02267,two
1,-1.4902,0.53707,two
1,-0.66808,0.06579,two
1,-1.2721,0.3033,two
1,-1.5451,0.58721,two
1,-1.5882,0.6143,two
1,-1.3725,0.41385,two
1,-1.1227,0.18648,two
1,-1.5818,0.67987,two
1,-1.6179,0.70335,two
1,-0.6528,-0.29471,two
1,-1.2898,0.3189,two
1,-1.7008,0.72926,two
1,-1.2001,0.24501,two
1,-1.3342,0.38095,two
1,-0.73212,-0.12006,two
1,-0.76581,-0.077988,two
1,-1.4125,0.4871,two
1,-1.5832,0.61938,two
1,-1.3086,0.35402,two
1,-1.4817,0.50465,two
1,-1.304,0.3252,two
1,-1.1373,0.16586,two
1,-1.3658,0.38782,two
1,-1.183,0.40112,two
1,-1.1394,0.31318,two
1,-1.1711,0.33339,two
1,-0.29217,0.15356,two
1,-0.28697,-0.60236,two
1,-0.19907,-0.48795,two
1,-0.84314,0.055999,two
1,-0.74071,-0.086513,two
1,-0.79543,0.025307,two
1,-1.156,0.24691,two
1,-1.2941,0.36097,two
1,-1.2651,0.38437,two
1,-1.2482,0.34022,two
1,-1.2752,0.38985,two
1,-0.55656,-0.39072,two
1,-1.0934,0.13543,two
1,-1.2926,0.44924,two
1,-1.0282,0.17056,two
1,-0.76304,-0.20018,two
1,-0.64294,-0.30846,two
1,-0.65795,-0.30628,two
1,-1.029,0.039067,two
1,-1.7506,0.78525,two
1,-1.7733,0.80427,two
1,-0.8106,0.031354,two
1,-0.59301,-0.27538,two
1,-1.1094,0.28836,two
1,-1.1929,0.33893,two
1,-1.887,0.90881,two
1,-1.8806,0.89426,two
1,-1.634,0.65786,two
1,-1.0369,0.098882,two
1,-1.1823,0.22397,two
1,-0.51069,0.10832,two
1,-0.97025,0.027814,two
1,-1.0672,0.13067,two
1,-1.5931,0.61331,two
1,-1.6833,0.71416,two
1,-1.389,0.41838,two
1,-0.95869,0.016301,two
1,-0.717,-0.23425,two
1,-1.1307,0.16854,two
1,-0.87786,0.26144,two
1,-1.9372,0.96825,two
1,-1.9285,0.96352,two
1,-1.528,0.5375,two
1,-1.5517,0.6064,two
1,-1.0881,0.12207,two
1,-0.9897,0.054859,two
1,-1.5789,0.59986,two
1,-1.4137,0.43154,two
1,-1.5703,0.59307,two
1,-1.5923,0.61065,two
1,-1.5648,0.59114,two
1,-0.66184,-0.11243,two
1,-1.0882,0.15822,two
1,-0.77758,0.6571,two
1,-0.97135,0.70275,two
1,-0.90546,-0.019418,two
1,-0.99641,0.065437,two
1,-1.3746,0.57809,two
1,-1.477,0.50427,two
1,-1.7094,0.72873,two
1,-0.54783,-0.20806,two
1,-0.1951,-0.42841,two
1,-0.84711,-0.053136,two
1,-0.95991,0.037762,two
1,-1.6097,0.67796,two
1,-1.2217,0.70264,two
1,-1.1187,0.38136,two
1,-0.28633,0.16557,two
1,-0.74062,-0.15172,two
1,-1.5556,0.59219,two
1,-1.5307,0.5659,two
1,-1.7146,0.74382,two
1,-1.6907,0.70834,two
1,-1.1233,0.19753,two
1,-1.0488,0.19041,two
1,-0.95,0.059563,two
1,-0.83175,-0.056297,two
1,-1.8152,0.83381,two
1,-1.817,0.83322,two
1,-1.7379,0.75663,two
1,-1.8856,0.91143,two
1,-1.5435,0.58918,two
1,-0.70796,-0.25551,two
1,-1.133,0.16474,two
1,-1.3054,0.34938,two
1,-1.4102,0.45536,two
1,-1.6075,0.7705,two
1,-1.1605,0.20473,two
1,-1.1694,0.21518,two
1,-1.2578,0.31482,two
1,-1.0389,0.17294,two
1,-1.2215,0.31659,two
1,-1.9109,0.93146,two
1,-1.9186,0.94551,two
1,-1.9441,0.95601,two
1,-1.9323,0.94407,two
1,-1.9259,0.94997,two
1,-0.45993,-0.41827,two
1,-1.4729,0.48331,two
1,-1.8307,0.8398,two
1,-1.3142,0.32782,two
1,-1.3145,0.33494,two
1,-1.3545,0.36963,two
1,-1.4979,0.52944,two
1,-1.601,0.72262,two
1,-1.1152,0.25035,two
1,-1.719,0.78097,two
1,-1.7497,0.80715,two
1,-0.65569,-0.19361,two
1,-1.1756,0.27009,two
1,-1.7457,0.75697,two
1,-1.2918,0.31542,two
1,-1.2107,0.2477,two
1,-1.0432,0.12711,two
1,-0.84336,-0.097071,two
1,-1.3922,0.46731,two
1,-1.2409,0.30154,two
1,-1.2449,0.31304,two
1,-1.4395,0.46526,two
1,-0.7013,-0.10653,two
1,-0.71356,-0.22746,two
1,-1.197,0.2541,two
1,-1.246,0.29815,two
1,-0.84324,-0.077545,two
1,-0.99607,0.19957,two
1,-0.55767,-0.33772,two
1,-0.81121,0.042738,two
1,-1.4828,0.51515,two
1,-1.5491,0.58495,two
1,-1.1419,0.18899,two
1,-1.099,0.16551,two
1,-1.0412,0.092015,two
1,-1.152,0.20956,two
1,-1.7479,0.79845,two
1,-1.6701,0.73766,two
1,-1.6491,0.75306,two
1,-0.23235,0.090416,two
1,-0.32365,0.053035,two
1,0.34191,0.13153,two
1,-0.056076,0.059192,two
1,-0.68967,-0.16819,two
1,-1.0241,0.20386,two
1,-0.90355,-0.066375,two
1,-1.0746,0.10893,two
1,-1.3257,0.35729,two
1,-1.2172,0.24643,two
1,-0.96526,-0.0033208,two
1,-0.82017,0.33494,two
1,-0.93454,0.37112,two
1,-1.2404,0.32601,two
1,-0.86505,-0.086059,two
1,-0.95665,0.0022077,two
1,-1.3856,0.45143,two
1,-1.339,0.36765,two
1,-1.5068,0.53418,two
1,-1.7078,0.73342,two
1,-0.91371,-0.00365,two
1,-0.74716,0.28555,two
1,-0.56426,0.14662,two
1,-0.55855,0.055803,two
1,-0.86897,0.00080597,two
1,-0.7494,-0.14052,two
1,-0.98104,0.041496,two
1,-1.3547,0.39448,two
1,-1.3123,0.40047,two
1,-1.218,0.81466,two
1,-1.8668,0.88397,two
1,-1.141,0.21899,two
1,-1.8601,0.87515,two
1,-1.9133,0.93338,two
1,-1.8843,0.91371,two
1,-1.1762,0.2449,two
1,-0.53569,-0.3535,two
1,-1.2109,0.28432,two
1,-1.0358,0.14977,two
1,-0.86063,-0.0024458,two
1,-1.8511,0.86543,two
1,-1.5178,0.59577,two
1,-1.634,0.6892,two
1,-1.3135,0.46005,two
1,-1.5332,0.61938,two
1,-0.96696,0.076464,two
1,-1.6766,0.72601,two
1,-1.4991,0.56059,two
1,-1.5194,0.60731,two
1,-1.5308,0.58552,two
1,-1.131,0.32877,two
1,-1.7299,0.77943,two
1,-1.8612,0.87654,two
1,-1.5938,0.63283,two
1,-1.5721,0.61942,two
1,-1.1509,0.23236,two
1,-1.4175,0.51398,two
1,-1.3768,0.53845,two
1,-1.3183,0.34448,two
1,-1.9046,0.93447,two
1,-1.8778,0.91276,two
1,-1.904,0.93945,two
1,-1.9393,0.9707,two
1,-1.8622,0.89864,two
1,-1.0334,0.10392,two
1,-0.98959,0.071358,two
1,-1.7022,0.71847,two
1,-1.8504,0.85385,two
1,-1.3773,0.43986,two
1,-1.2843,0.34106,two
1,-1.4949,0.568,two
1,-1.3154,0.40191,two
1,-0.59759,-0.038046,two
1,-1.1639,0.16577,two
1,-1.555,0.58046,two
1,-1.45,0.47442,two
1,-1.6401,0.66809,two
1,-1.3406,0.37027,two
1,-1.5071,0.54595,two
1,-1.1058,0.17861,two
1,-1.4016,0.47045,two
1,-1.2158,0.29757,two
1,-1.3511,0.42792,two
1,-1.43,0.58953,two
1,-1.4894,0.66675,two
1,-1.7109,0.73721,two
1,-1.4343,0.47204,two
1,-1.1923,0.22671,two
1,-0.74851,-0.17412,two
1,-1.0708,0.13741,two
1,-0.72769,-0.17847,two
1,-1.4223,0.47761,two
1,-1.4171,0.51399,two
1,-1.2047,0.26588,two
1,-1.3476,0.41732,two
1,-1.3476,0.41732,two
1,-1.2047,0.26588,two
1,-1.2688,0.30982,two
1,-1.0498,0.30958,two
1,-0.80205,-0.1496,two
1,-1.2979,0.37698,two
1,-1.4219,0.51349,two
1,-1.7154,0.76356,two
1,-1.3407,0.37716,two
1,-1.6399,0.68053,two
1,-1.6174,0.6901,two
1,-1.1012,0.31177,two
1,-0.29587,0.026648,two
1,-1.2588,0.3235,two
1,-0.96426,0.15643,two
1,-1.728,0.76066,two
1,-1.5898,0.63457,two
1,-1.5146,0.56287,two
1,-1.6632,0.70447,two
1,-1.5779,0.62113,two
1,-0.18808,0.075656,two
1,-0.45724,-0.0067215,two
1,-1.5688,0.71735,two
1,-1.3457,0.38769,two
1,-1.4767,0.51458,two
1,-1.7459,0.76535,two
1,-1.7847,0.80769,two
1,-1.7736,0.79639,two
1,-1.6886,0.71872,two
1,-1.7976,0.81835,two
1,-0.83257,-0.11503,two
1,-1.7134,0.73926,two
1,-1.6913,0.72544,two
1,-1.5357,0.56084,two
1,-0.77421,-0.17418,two
1,-1.3198,0.36412,two
1,-1.5038,0.59426,two
1,-0.83508,0.12744,two
1,-1.4362,0.49518,two
1,-1.2985,0.42563,two
1,-0.5995,0.64555,two
1,-0.78041,0.0008678,two
1,-1.9005,0.91898,two
1,-1.9371,0.95463,two
1,-1.8668,0.89811,two
1,-1.9397,0.95567,two
1,-1.8656,0.88308,two
1,-1.1579,0.26067,two
1,-0.57406,0.039877,two
1,-1.0315,0.58851,two
1,-1.3118,0.35729,two
1,-1.2589,0.42059,two
1,-0.90838,0.11508,two
1,-1.0904,0.33086,two
1,-1.4044,0.54978,two
1,-0.96857,0.13851,two
1,-1.2175,0.27418,two
1,-1.3999,0.45579,two
1,-1.6975,0.73237,two
1,-1.5328,0.62805,two
1,-0.62882,0.30564,two
1,-0.96335,0.43681,two
1,-0.80967,0.342,two
1,-1.2636,0.2897,two
1,-1.6989,0.71089,two
1,-1.1371,0.16366,two
1,-1.4234,0.44492,two
1,-1.5335,0.55245,two
1,-1.1155,0.52795,two
1,-1.3558,0.40019,two
1,-1.3908,0.43624,two
1,-0.8452,-0.046426,two
1,-1.3003,0.43257,two
1,-1.488,0.56078,two
1,-1.6126,0.68324,two
1,-1.1057,0.38594,two
1,-1.3417,0.41261,two
1,-1.5902,0.64446,two
1,-1.6539,0.70924,two
1,-1.5637,0.64094,two
1,-1.6124,0.68843,two
1,-1.4786,0.58489,two
1,-1.4078,0.59418,two
1,-1.5377,0.68135,two
1,-1.5349,0.65216,two
1,-1.3935,0.53362,two
1,-0.9322,-0.02381,two
1,-1.838,0.85474,two
1,-1.7957,0.81382,two
1,-1.8776,0.89597,two
1,-1.8458,0.8687,two
1,-1.0099,0.12817,two
1,-1.1907,0.2583,two
1,-1.1018,0.17258,two
1,-1.5811,0.61988,two
1,-1.6136,0.65261,two
1,-1.0542,0.20664,two
1,-1.0736,0.32183,two
1,-1.0693,0.77421,two
1,-1.3661,0.63709,two
1,-1.1943,0.23628,two
1,-1.6684,0.69671,two
1,-1.2066,0.25799,two
1,-1.4808,0.50816,two
1,-1.6765,0.71961,two
1,-1.4437,0.48165,two
1,-1.5055,0.54543,two
1,-0.97409,0.11255,two
1,-1.1965,0.33114,two
1,-0.32455,-0.53742,two
1,-0.52425,-0.43636,two
1,-0.57007,-0.40442,two
1,-0.50643,-0.46926,two
1,-0.39753,-0.58092,two
1,-1.2015,0.30497,two
1,-1.2813,0.40275,two
1,-1.1342,0.16676,two
1,-1.2008,0.24514,two
1,-0.88591,-0.022986,two
1,-0.92449,-0.05106,two
1,-1.4164,0.43356,two
1,-1.4983,0.5555,two
1,-0.92644,0.099657,two
1,-0.62157,-0.0044651,two
1,-1.4997,0.58095,two
1,-1.6289,0.67116,two
1,-1.4166,0.48008,two
1,-1.9196,0.94601,two
1,-1.8886,0.91476,two
1,-1.8509,0.87971,two
1,-1.8318,0.86153,two
1,-1.2928,0.32011,two
1,-0.9751,0.030496,two
1,-0.78035,-0.11312,two
1,-0.98139,0.29615,two
1,-0.65373,0.17438,two
1,-0.89455,0.23652,two
1,-0.38412,0.25138,two
1,-0.59349,-0.30184,two
1,-0.70072,-0.21562,two
1,-1.3746,0.51866,two
1,-1.3468,0.44779,two
1,-1.7227,0.73247,two
1,-1.7158,0.73536,two
1,-1.086,0.17072,two
1,-1.5648,0.59968,two
1,-1.4378,0.471,two
1,-1.3888,0.41663,two
1,-1.4202,0.44773,two
1,-0.73732,0.26713,two
1,-1.1913,0.52374,two
1,-0.85344,0.32156,two
1,-1.1397,0.36353,two
1,-1.8532,0.87998,two
1,-1.3449,0.42649,two
1,-1.4184,0.48372,two
1,-0.65319,-0.28209,two
1,-0.93369,0.023157,two
1,-1.164,0.2227,two
1,-0.79897,-0.081036,two
1,-0.94754,0.0041344,two
1,-0.93627,0.053096,two
1,-1.6157,0.68374,two
1,-1.115,0.16797,two
1,-0.87615,-0.070062,two
1,-1.3931,0.42472,two
1,-0.81699,-0.14099,two
1,-1.2223,0.31368,two
1,-0.81696,-0.061445,two
1,-1.3836,0.44833,two
1,-0.11586,0.0059087,two
1,-1.7487,0.77204,two
1,-1.7481,0.76745,two
1,-1.7951,0.83694,two
1,-1.7778,0.79239,two
1,-1.84,0.85177,two
1,-1.4905,0.54614,two
1,-1.3786,0.4173,two
1,-1.0727,0.44684,two
1,-0.70944,-0.046545,two
1,-1.0158,0.027394,two
1,-1.7703,0.80869,two
1,-1.8418,0.8676,two
1,-1.7984,0.83127,two
1,-1.8535,0.87499,two
1,-1.8742,0.8989,two
1,-1.3535,0.46562,two
1,-1.1072,0.18467,two
1,-0.52749,0.03978,two
1,-1.3997,0.43935,two
1,-1.4069,0.45528,two
1,-1.413,0.44861,two
1,-1.307,0.32764,two
1,-1.5203,0.53842,two
1,-0.91642,0.018587,two
1,-1.1659,0.39418,two
1,-1.1202,0.41058,two
1,-1.0258,0.18563,two
1,-1.1361,0.17228,two
1,-1.7258,0.76521,two
1,-1.2075,0.25766,two
1,-0.99793,0.093418,two
1,-0.98158,0.17096,two
1,-0.91902,0.044452,two
1,-1.5915,0.62026,two
1,-1.8451,0.86522,two
1,-1.3499,0.38227,two
1,-0.96619,0.010097,two
1,-1.6693,0.69139,two
1,-1.6678,0.69204,two
1,-1.6171,0.64208,two
1,-1.7403,0.7603,two
1,-1.6799,0.70136,two
1,-1.6675,0.69607,two
1,-0.5729,-0.17509,two
1,-1.3373,0.42334,two
1,-1.2595,0.38544,two
1,-0.67565,0.0069839,two
1,-0.88324,0.050343,two
1,-0.92176,0.11093,two
1,-1.0663,0.089866,two
1,-0.98942,0.030085,two
1,-0.50543,-0.18063,two
1,-0.59585,-0.093802,two
1,-0.6817,-0.15866,two
1,-1.1237,0.21175,two
1,-1.2643,0.3307,two
1,-1.6298,0.67166,two
1,-1.5137,0.56884,two
1,-1.5824,0.63476,two
1,-1.3641,0.48086,two
1,-1.3961,0.50451,two
1,-1.297,0.46672,two
1,-1.2623,0.43597,two
1,-1.2411,0.44216,two
1,-1.3778,0.45499,two
1,-1.143,0.30906,two
1,-1.5145,0.54788,two
1,-1.57,0.59616,two
1,-1.4743,0.59477,two
1,-1.0802,0.11855,two
1,-1.1862,0.2115,two
1,-1.2622,0.32358,two
1,-0.56588,-0.24252,two
1,-1.1765,0.35301,two
1,-0.89711,0.084135,two
1,-0.95097,0.17211,two
1,-0.73163,-0.12414,two
1,-1.4096,0.42935,two
1,-0.95299,0.0068355,two
1,-0.92536,-0.012522,two
1,-1.1002,0.15662,two
1,-1.4308,0.46774,two
1,-1.4119,0.44115,two
1,-1.2986,0.32885,two
1,-1.1548,0.19672,two
1,-1.1825,0.28445,two
1,-1.0282,0.072326,two
1,-1.6515,0.68935,two
1,-1.4194,0.45382,two
1,-1.6093,0.66064,two
1,-1.4187,0.45064,two
1,-1.2482,0.35658,two
1,-1.3274,0.47176,two
1,-0.65627,-0.13473,two
1,-1.0824,0.10681,two
1,-1.0619,0.088806,two
1,-0.89917,-0.068211,two
1,-0.48178,-0.30985,two
1,-1.6001,0.62156,two
1,-1.1957,0.24486,two
1,-1.532,0.60254,two
1,-0.98525,0.062632,two
1,-0.96769,0.041593,two
1,-1.3909,0.44532,two
1,-1.361,0.40311,two
1,-0.93897,-0.021746,two
1,-0.71975,-0.23752,two
1,-0.54829,-0.382,two
1,-0.58037,-0.37388,two
1,-1.0075,0.054566,two
1,-1.3999,0.44344,two
1,-1.1411,0.19735,two
1,-1.1916,0.21967,two
1,-0.9876,0.028613,two
1,-1.1566,0.18654,two
1,-1.3055,0.33679,two
1,-1.1858,0.21914,two
1,-1.3609,0.40808,two
1,-0.92798,-0.02874,two
1,-1.0995,0.15975,two
1,-1.5069,0.55142,two
1,-1.5224,0.57065,two
1,-1.0952,0.54484,two
1,-1.2561,0.59514,two
1,-1.1507,0.6636,two
1,-0.95879,0.018815,two
1,-1.2278,0.28315,two
1,-1.4562,0.51311,two
1,-1.5426,0.56682,two
1,-1.5898,0.60708,two
1,-1.6047,0.61956,two
1,-1.8285,0.84321,two
1,-1.8928,0.90657,two
1,-1.9014,0.91388,two
1,-1.6795,0.69427,two
1,-1.8673,0.88159,two
1,-1.6312,0.70241,two
1,0.15027,0.48582,two
1,-1.5685,0.60126,two
1,-1.3925,0.42486,two
1,-1.5307,0.55749,two
1,-1.4556,0.49824,two
1,-1.5788,0.60825,two
1,-1.3418,0.35288,two
1,-1.0618,0.073069,two
1,-0.60174,-0.37149,two
1,-1.5642,0.59676,two
1,-1.6426,0.65421,two
1,-1.4514,0.47214,two
1,-1.3879,0.41404,two
1,-1.3541,0.40914,two
1,-1.1178,0.18865,two
1,-1.1559,0.21114,two
1,-1.0539,0.20601,two
1,-1.1854,0.24123,two
1,-1.6625,0.72171,two
1,-1.5202,0.56624,two
1,-0.72556,-0.13853,two
1,-0.60279,-0.21745,two
1,-1.5351,0.59812,two
1,-1.29,0.36094,two
1,-1.521,0.57169,two
1,-1.3872,0.44857,two
1,-1.089,0.14577,two
1,-0.77665,0.29149,two
1,-1.1505,0.34031,two
1,-1.0912,0.43291,two
1,-1.0746,0.3254,two
1,-0.4859,0.24161,two
1,-1.7424,0.78808,two
1,-1.1415,0.17432,two
1,-0.85745,0.16013,two
1,-1.4488,0.70251,two
1,-0.86221,-0.12844,two
1,-0.79087,-0.08195,two
1,-1.9732,0.98527,two
1,-1.9189,0.93299,two
1,-1.9592,0.97006,two
1,-1.947,0.96299,two
1,-1.796,0.81434,two
1,-0.83858,-0.094077,two
1,-1.4976,0.54707,two
1,-1.0708,0.11032,two
1,-0.93436,-0.043324,two
1,-1.6406,0.6828,two
1,-1.0851,0.23115,two
1,-0.71615,-0.12258,two
1,-1.1603,0.43962,two
1,-1.7923,0.8406,two
1,-1.3052,0.348,two
1,-1.4401,0.47259,two
1,-1.0975,0.18431,two
1,-1.1395,0.18731,two
1,-1.6079,0.64541,two
1,-1.2014,0.26317,two
1,-1.5501,0.56541,two
1,-1.8804,0.8985,two
1,-1.5621,0.58192,two
1,-1.8492,0.86752,two
1,-1.8048,0.82233,two
1,-1.9795,0.99449,two
1,-1.9382,0.95155,two
1,-1.9741,0.9886,two
1,-1.9573,0.97286,two
1,-1.966,0.98247,two
1,-0.9936,0.015549,two
1,-0.99685,0.02101,two
1,-0.76933,-0.10395,two
1,-0.9659,0.047719,two
1,-0.78133,0.42013,two
1,-1.6759,0.69476,two
1,-0.95102,0.014014,two
1,-1.6546,0.68448,two
1,-1.6124,0.64215,two
1,-1.1888,0.24526,two
1,-1.241,0.28114,two
1,-0.65046,-0.14517,two
1,-0.7967,-0.11768,two
1,-1.3102,0.38583,two
1,-1.3411,0.38761,two
1,-0.96014,0.13622,two
1,-1.1694,0.29738,two
1,-1.1332,0.25273,two
1,-1.4807,0.54185,two
1,-0.87165,-0.032044,two
1,-1.1206,0.20163,two
1,-1.0652,0.1921,two
1,-0.76961,-0.11707,two
1,-1.1603,0.25029,two
1,-1.0462,0.17223,two
1,-0.98611,0.22909,two
1,-0.79461,-0.071272,two
1,-1.2185,0.38876,two
1,-0.41053,0.00069958,two
1,-0.43789,0.048326,two
1,-0.29685,0.10739,two
1,-1.162,0.19901,two
1,-1.6468,0.68021,two
1,-1.4503,0.4694,two
1,-1.2074,0.28195,two
1,-1.8882,0.90568,two
1,-1.3756,0.43614,two
1,-1.2808,0.34571,two
1,-1.5636,0.66636,two
1,-0.88876,0.12191,two
1,-1.8196,0.87087,two
1,-1.5662,0.64636,two
1,-1.5677,0.65987,two
1,-1.5151,0.66964,two
1,-1.1463,0.26292,two
1,-1.1331,0.24188,two
1,0.12189,0.092603,two
1,-0.10335,-0.028355,two
1,0.042497,0.014788,two
1,-1.0519,0.15408,two
1,-1.2662,0.35337,two
1,-1.1257,0.20287,two
1,-0.66983,-0.23359,two
1,-0.82456,-0.12416,two
1,-0.75747,0.073049,two
1,-0.78575,0.012081,two
1,-1.3098,0.40348,two
1,-1.2287,0.33897,two
1,-1.5276,0.54804,two
1,-1.3876,0.42954,two
1,-1.1012,0.34137,two
1,-1.2952,0.42013,two
1,-1.6857,0.72106,two
1,-1.8295,0.86926,two
1,-1.6865,0.73096,two
1,-1.9515,0.97223,two
1,-0.86103,0.77698,two
1,-0.39471,-0.47603,two
1,-1.0102,0.21747,two
1,-0.98024,0.13377,two
1,-1.2105,0.43157,two
1,-0.93007,-0.016878,two
1,-1.3964,0.4378,two
1,-1.9016,0.92601,two
1,-1.7088,0.75564,two
1,-1.681,0.71514,two
1,-1.6562,0.68981,two
1,-0.69936,-0.014079,two
1,-0.73525,0.20127,two
1,-1.2343,0.26315,two
1,-1.5626,0.6075,two
1,-1.3703,0.40637,two
1,-1.3339,0.43258,two
1,-1.333,0.5176,two
1,-1.6079,0.68021,two
1,-1.5002,0.62845,two
1,-1.3952,0.45948,two
1,-1.1005,0.2436,two
1,-1.2738,0.36969,two
1,-0.77674,0.43602,two
1,-0.58348,0.61338,two
1,-0.90785,-0.0091183,two
1,-1.1233,0.15083,two
1,-1.6911,0.73741,two
1,-1.1978,0.26007,two
1,-1.4097,0.47721,two
1,-1.8978,0.93387,two
1,-1.8133,0.85877,two
1,-1.8788,0.91101,two
1,-1.8591,0.90267,two
1,-1.8531,0.88864,two
1,-1.7381,0.76216,two
1,-1.8721,0.89232,two
1,-1.0174,0.065551,two
1,-1.3318,0.36005,two
1,-1.3966,0.42102,two
1,-0.7713,-0.15359,two
1,-1.7259,0.75708,two
1,-1.3018,0.54504,two
1,-1.2711,0.52648,two
1,-1.2089,0.38716,two
1,-0.61771,-0.32756,two
1,-1.1228,0.27176,two
1,-1.2696,0.339,two
1,-1.3529,0.38908,two
1,-1.4453,0.48407,two
1,-0.96677,0.055557,two
1,-1.3777,0.42625,two
1,-1.4103,0.44832,two
1,-1.3742,0.41155,two
1,-1.779,0.7975,two
1,-1.5667,0.58646,two
1,-1.6952,0.72128,two
1,-1.7826,0.81186,two
1,-1.058,0.092425,two
1,-0.94748,0.0010834,two
1,-1.0224,0.093751,two
1,-1.8023,0.84812,two
1,-1.153,0.26274,two
1,-1.0093,0.1301,two
1,-0.86175,0.11513,two
1,-1.4442,0.59672,two
1,-0.89414,0.021443,two
1,-1.046,0.11878,two
1,-1.9659,0.98128,two
1,-1.8964,0.91625,two
1,-1.7842,0.82122,two
1,-1.9118,0.93088,two
1,-1.9459,0.96238,two
1,-1.5277,0.57724,two
1,-1.07,0.12544,two
1,-1.2761,0.4153,two
1,-1.3513,0.39563,two
1,-1.3338,0.37535,two
1,-1.7666,0.80565,two
1,-1.8802,0.90897,two
1,-1.8714,0.9,two
1,-1.9057,0.93678,two
1,-1.8119,0.84896,two
1,-1.6034,0.64574,two
1,-1.5508,0.60915,two
1,-1.5618,0.60298,two
1,-1.6666,0.71656,two
1,-1.6119,0.65002,two
1,-1.4236,0.48946,two
1,-1.7589,0.79714,two
1,-1.2202,0.33027,two
1,-1.5288,0.56921,two
1,-1.6467,0.68958,two
1,-1.5459,0.59116,two
1,0.092926,0.61969,two
1,-1.1425,0.2077,two
1,-1.7232,0.74381,two
1,-1.3471,0.38137,two
1,-1.1773,0.20974,two
1,-1.6101,0.63923,two
1,-1.6809,0.70899,two
1,-1.3795,0.45425,two
1,-1.2717,0.32601,two
1,-1.3716,0.61722,two
1,-0.70757,-0.20309,two
1,-0.65114,-0.19574,two
1,-0.77115,-0.15898,two
1,-0.53894,-0.32009,two
1,-0.42269,-0.32066,two
1,-0.64875,-0.066382,two
1,-0.9087,0.078251,two
1,-1.9081,0.95855,two
1,-1.9027,0.95761,two
1,-1.8628,0.96735,two
1,-1.917,0.97096,two
1,-1.9339,0.97913,two
1,-1.6592,0.70641,two
1,-1.5753,0.60846,two
1,-0.88465,0.093691,two
1,-0.9965,0.1323,two
1,-0.89529,0.062358,two
1,-0.77931,0.085864,two
1,-0.80244,0.081566,two
1,-1.39,0.41264,two
1,-1.6663,0.70302,two
1,-1.2818,0.53303,two
1,-0.83311,-0.10047,two
1,-1.9393,0.95563,two
1,-1.9238,0.93939,two
1,-1.9451,0.96124,two
1,-1.9223,0.93548,two
1,-1.9112,0.92797,two
1,-1.484,0.5416,two
1,-1.4588,0.50096,two
1,-1.7406,0.76431,two
1,-1.3592,0.41494,two
1,-1.6203,0.64882,two
1,-1.2961,0.50767,two
1,-0.47571,-0.46665,two
1,-0.90157,-0.036103,two
1,-1.0642,0.10578,two
1,-1.6952,0.72141,two
1,-1.5132,0.55744,two
1,-1.5619,0.83434,two
1,-1.6647,0.83263,two
1,-1.6832,0.85672,two
1,-1.5285,0.72571,two
1,-1.4457,0.6423,two
1,-1.2054,0.29888,two
1,-1.0232,0.09754,two
1,-0.75096,-0.095772,two
1,-1.1942,0.34133,two
1,-1.1046,0.22933,two
1,-0.91166,0.015163,two
1,-1.0728,0.16343,two
1,-1.3849,0.5257,two
1,-1.2748,0.3854,two
1,-1.4063,0.53475,two
1,-0.7096,-0.20417,two
1,-0.68516,-0.18434,two
1,-0.80167,-0.12921,two
1,-1.3628,0.49498,two
1,-1.0109,0.17581,two
1,-1.5396,0.57087,two
1,-0.81805,-0.15184,two
1,-0.93622,-0.039658,two
1,-1.6837,0.70981,two
1,-1.6745,0.71642,two
1,-1.4889,0.55104,two
1,-0.99384,0.066184,two
1,-0.81654,-0.064073,two
1,-1.4427,0.53696,two
1,-1.3497,0.43863,two
1,-1.4219,0.45791,two
1,-1.7559,0.78913,two
1,-0.83497,0.095923,two
1,-1.1306,0.3521,two
1,-0.86699,-0.060099,two
1,-1.2827,0.3461,two
1,-1.5666,0.60339,two
1,-1.5608,0.58485,two
1,-1.1594,0.19874,two
1,-1.713,0.74089,two
1,-1.8377,0.86357,two
1,-1.7284,0.75972,two
1,-1.8807,0.90846,two
1,-1.8506,0.87207,two
1,-0.42851,0.18732,two
1,-0.93655,0.090877,two
1,-0.70728,0.2561,two
1,-0.83505,0.16095,two
1,-0.55952,0.23398,two
1,-1.2342,0.2763,two
1,-1.0641,0.11715,two
1,-1.4578,0.49812,two
1,-1.2407,0.27935,two
1,-1.2399,0.29913,two
1,-1.7407,0.77772,two
1,-1.7113,0.73499,two
1,-1.5002,0.52413,two
1,-1.6711,0.7007,two
1,-1.3241,0.36634,two
1,-1.4369,0.46843,two
1,-1.1827,0.37372,two
1,-1.5697,0.68307,two
1,-0.75675,-0.13185,two
1,-1.4813,0.65618,two
1,-1.7672,0.80458,two
1,-1.8325,0.86502,two
1,-0.59016,0.13826,two
1,-0.57831,-0.31542,two
1,-1.7801,0.8334,two
1,-1.5326,0.58032,two
1,-1.2019,0.36761,two
1,-1.3375,0.44547,two
1,-1.6927,0.71722,two
1,-1.6943,0.71953,two
1,-1.4051,0.43146,two
1,-1.6486,0.67419,two
1,-1.3136,0.35448,two
1,-1.7588,0.7813,two
1,-1.7429,0.76415,two
1,-1.5672,0.59729,two
1,-1.8828,0.8975,two
1,-0.86063,0.56819,two
1,-1.7226,0.73983,two
1,-1.5625,0.5969,two
1,-1.7285,0.74583,two
1,-1.702,0.71638,two
1,-1.6961,0.71606,two
1,-1.4136,0.46731,two
1,-1.6794,0.71382,two
1,-1.7232,0.78033,two
1,-1.5244,0.58747,two
1,-1.3817,0.43328,two
1,-1.0647,0.099792,two
1,-0.48053,-0.12937,two
1,-0.86704,0.10524,two
1,-1.1297,0.37289,two
1,-1.5393,0.5943,two
1,-1.5403,0.61201,two
1,-0.71642,-0.044457,two
1,-1.3311,0.48602,two
1,-1.1442,0.26462,two
1,-0.82841,0.48952,two
1,-1.2611,0.29977,two
1,-0.050645,-0.20247,two
1,-0.46971,-0.18243,two
1,-0.99357,-0.0062289,two
1,-0.90233,0.029455,two
1,-1.1427,0.24883,two
1,-1.7392,0.76796,two
1,-1.1318,0.23689,two
1,-1.0426,0.082359,two
1,-0.9198,-0.012541,two
1,-0.81817,-0.12793,two
1,-0.71485,-0.18804,two
1,-1.19,0.21949,two
1,-1.2625,0.34563,two
1,-1.1375,0.18372,two
1,-1.534,0.58037,two
1,-1.8676,0.89076,two
1,-1.966,0.98856,two
1,-1.9736,0.99285,two
1,-0.38224,-0.026899,two
1,-1.2588,0.28929,two
1,-1.0855,0.51191,two
1,-0.97027,0.39565,two
1,-0.97414,0.44185,two
1,-1.5256,0.61406,two
1,-1.6658,0.72979,two
1,-1.3215,0.40415,two
1,-1.1625,0.22785,two
1,-1.293,0.38452,two
1,-1.0827,0.22519,two
1,-0.79025,-0.12242,two
1,-1.2895,0.52069,two
1,-1.265,0.57186,two
1,-1.2127,0.25315,two
1,-0.63537,-0.2965,two
1,-0.62116,-0.28787,two
1,-0.94836,0.13,two
1,-1.0102,0.24163,two
1,-1.0297,0.21322,two
1,-1.0001,0.23503,two
1,-1.0899,0.29662,two
1,-1.3695,0.44106,two
1,-1.0354,0.079266,two
1,0.28781,0.62026,two
1,0.21139,0.34175,two
1,-0.051167,0.67981,two
1,-0.13043,0.59535,two
1,-1.6789,0.71702,two
1,-1.2864,0.36743,two
1,-1.0284,0.071136,two
1,-1.2602,0.28909,two
1,-1.2459,0.2476,two

